temperature,pressure,vibration,operating_hours,failure_risk
67.9802849180674,30.50089801059163,0.3278262446662747,1240,0
64.1704141929729,28.282377835498988,0.41768208721393985,2414,1
68.88613122860416,30.489190012129136,0.3453319915412735,2632,1
74.13817913844815,32.17319211614555,0.3728344889673947,3680,1
63.59507975165998,30.19544028130282,0.5673452090298537,1287,0
63.59517825830492,30.16236676481553,0.5340461051790348,4571,1
74.47527689304435,27.19203324877298,0.27004187630724025,4848,1
69.60460837491745,27.34839632979621,0.48297324178791745,3439,1
62.18315368439029,24.389578912801227,0.48113965544915926,648,0
68.25536026151579,36.998306972747756,0.2851736711247382,4187,1
62.21949384312523,25.02454705843486,0.4818777643754861,172,0
62.20562147857846,27.22837920881637,0.5537931918412553,298,0
66.4517736293962,27.12637093772321,0.28774551937555864,3301,1
53.52031853205321,33.579697507777766,0.30824971789857364,1881,0
54.6504930049218,28.82020128683189,0.5017661466843503,671,0
61.626274824554166,34.99096829069494,0.4271495310825648,890,1
58.923013277993455,27.306037503024527,0.4551476275239523,1738,0
66.88548399557165,31.11597664889521,0.4340589216400497,1931,0
59.55185554687274,26.65861178696097,0.43906959209281443,1955,1
56.52617779198825,38.58059651109355,0.2673527871688917,1274,0
73.79389261352932,25.24960632388195,0.5047317706621448,3840,1
63.64534219708079,31.23928284090811,0.5169589992427774,3377,1
65.40516922812755,32.53510752372839,0.37706092559319726,278,0
56.45151088271926,31.655196389805994,0.39565230501861376,2344,0
61.7337036528489,29.258849364489166,0.2468892497444278,4186,1
65.66553553825919,29.480717201066295,0.45142547560178353,834,0
58.09403853546618,30.17524588791644,0.45720574417141446,898,0
67.25418811007403,29.411991993486044,0.3937808983000689,887,1
61.39616786048717,33.85551646717964,0.5124353359870503,2895,1
63.249837501240336,38.842092006365405,0.36659227690200596,4404,1
61.389760326623616,27.770032859968666,0.45646059258936006,4688,1
76.11366910705362,24.52078808168369,0.29803356613078846,3184,1
64.91901665157239,29.64687180659498,0.3976447849125762,3018,0
58.6537344262646,40.31883735061727,0.38256457420971646,831,0
69.93526947261914,26.785301728121077,0.4225307922040942,1229,1
57.67493810017387,36.55646722177627,0.36304730711666416,3546,1
66.25318157002853,36.710803256305766,0.38685274043283324,1705,0
53.24197925672135,27.785647033168022,0.48260471714415065,3878,1
57.030883706609416,32.2759323167411,0.3563235762761783,2845,0
66.18116741521474,36.51358649251415,0.23934228992613207,3270,1
69.43079947997246,28.483489036050052,0.5749583904205421,4789,1
66.02820968713982,29.185678559590553,0.5381454078690486,3033,1
64.30611030567056,27.673276344205426,0.27077373048943815,1315,0
63.193377826464264,25.940973077228534,0.46897078052451946,424,0
56.12886805779544,27.40288981973597,0.3497025229448657,1950,0
60.680934749631746,25.104238932950974,0.426348721533106,1590,0
62.236167374241276,30.136333873036904,0.4294224129013494,993,1
71.34273335731349,26.920107075765433,0.37655921996836783,1490,1
67.06170973741077,30.93514364716299,0.32162343344136035,3489,1
54.4217590678236,23.77641741518549,0.3309458947683741,4339,0
66.94450381636877,31.32352092885783,0.30838080845187577,4579,1
62.6895063175021,33.3341158464357,0.3168177791769555,2363,1
60.93846799816425,22.025057429714177,0.3932821709950645,3532,1
68.67005773304521,31.49622627939029,0.32842400108892483,2471,1
71.18599713497571,34.91067596989317,0.468205206571262,3186,1
70.58768071469719,25.16143592523518,0.5487246155335928,4412,1
59.96469486066417,36.690289547350815,0.3419946758629957,1615,0
63.14472574489271,31.67607603746418,0.42394045005353775,3017,1
66.98758058842138,27.179952576966365,0.4499685110302934,2452,1
70.85327076273416,29.776923689369177,0.44720022709192747,1267,1
62.12495457292826,32.23330765008689,0.40759552679160876,210,0
63.8860461400171,30.304021565649645,0.47426824183597227,4427,1
58.36199015596383,32.155023969785475,0.44822489526806575,3755,1
57.82276025551597,26.317305627682536,0.2762337577672702,3893,1
69.87515493436518,30.67744329614431,0.48691560643892734,1855,1
73.13744017142494,24.34514201238008,0.48872908372667423,1677,1
64.567939270518,29.555095754605198,0.32367138958214187,1396,0
71.02119738735215,26.38436943414084,0.4037937835447602,3874,1
67.16981615028581,27.057880229640933,0.468332899281107,2320,1
61.12928147236926,34.94437270084175,0.3790686180420639,1072,0
67.16837363305048,34.365240482377075,0.5072978047766012,1130,0
74.22821939879582,32.43655248362871,0.6363872494619361,2693,1
64.78504376534029,25.630748941309683,0.3214013967365018,4092,1
74.38786193488404,28.73436620122079,0.26189553968462254,4713,1
49.28152937546153,34.85239079991673,0.4303818595604876,1013,0
69.93141502625134,30.56686765455962,0.4721562505126144,2281,1
65.52228240942902,39.27731815992678,0.3769133626155231,3297,1
63.205955897204795,31.573271357577486,0.5453260663321035,1562,0
65.55056465921301,30.768196465960127,0.2661394200276751,2478,1
53.074586512394646,28.763534143189993,0.4692918623031611,3554,1
63.681968672974925,30.534163619129128,0.3394139179241107,3653,1
67.14267542907048,29.390120654477826,0.5719377906207297,1407,1
73.8673642684491,32.83243470675436,0.5992515353168119,1289,1
61.89037869035812,33.826809267178334,0.3233343412216652,787,0
60.149038382640875,26.8560421579682,0.345044286409142,4761,1
61.98945773849278,24.675068185768886,0.4859587886979802,1307,0
70.49241270621245,22.655178507586815,0.3612869350210486,1994,1
66.9725066579581,32.031965307650175,0.3954588782067762,1911,1
61.821438777397766,25.586533575304507,0.40253884205424106,3283,1
68.07960459868013,21.38843762819007,0.20803268438023437,3897,1
65.58246529608824,31.554314418123855,0.3986162253905763,1744,0
70.81186994319734,39.971998069731164,0.33102722259358264,4068,1
60.78768143673589,29.975716353840426,0.35068771776002283,2816,0
63.03402712041339,33.35396309780657,0.5443632003468815,290,0
62.647351081207056,30.32731743419026,0.27434931057207435,1435,0
56.21891031120729,29.60444138723543,0.48132051867479775,4903,1
66.77672166238746,33.67630593195108,0.37210370696681916,3206,1
66.56633163307933,28.838901823245394,0.37202398315041657,478,0
65.03068073985476,31.06956925628761,0.47903718960517117,4582,1
63.59247719974912,31.286791224784054,0.43400512945688907,3929,1
56.50777554769751,27.327638185427805,0.45706129972195314,715,0
62.47612806340785,33.96816939814609,0.49681846605328617,2430,1
62.94371290083939,29.300160973218365,0.3668691616816677,1854,0
60.186336384670284,26.97701936202862,0.33877632654922496,563,0
64.03228573000395,32.146039374281614,0.2914849473442202,1066,0
67.42430514088723,26.406128072835852,0.31745894700210453,4367,1
76.31711540726317,30.112724629476514,0.6949094425308726,3258,1
66.04746687699104,29.963524013423186,0.5244679580736787,3724,1
66.54530234433659,34.34358226332631,0.26489256337919787,789,0
64.553324505403,31.89879293151981,0.267754204325643,2722,1
53.487372708205754,29.899892165019423,0.4481866061718492,2312,1
64.8409167473047,33.271065196801146,0.45472647973779673,482,0
65.36138125964617,35.560830196069254,0.45488838353173644,2356,1
79.77945267491171,32.23124122540745,0.37450442064463024,3910,1
63.84583421131327,30.04141047937352,0.38745457399971,3603,1
66.80928405400168,24.75265507059936,0.43278795241593576,1512,1
64.79172938176853,25.73954534769851,0.4085893006293331,1683,1
57.987931774282806,28.77910118258133,0.1780699627252465,471,0
71.85693688709013,27.561951191362866,0.37702003694248065,710,0
69.51159819612064,29.252114788058215,0.3148593565739687,215,0
69.74619168225829,30.22659969958843,0.4175211418908512,546,0
59.543675271231564,32.11877101742692,0.698525900260341,1491,1
73.4167658656166,29.718004887763634,0.4367481665474305,3424,1
56.588893623246314,31.946006575304807,0.3686470313827602,1440,0
68.52114256280163,30.25789765924048,0.49218015019772526,4610,1
78.14273375485988,22.098133734584515,0.4482687887209213,3039,1
59.05678204921587,26.242658424724983,0.44200944904518413,3799,1
61.60221362238337,29.42364977711354,0.4606850593215671,1173,0
65.59790819052584,25.16122102863557,0.6056543564829542,4913,1
61.97914607530281,32.39971491998482,0.28691115646740845,3669,1
55.6960194136032,36.12300332937479,0.44736320768114546,3250,1
65.41137784883617,34.875047406789264,0.3073618870018462,1705,1
58.62617771764337,29.14622851627917,0.45555126463422485,4757,1
67.84155458381109,35.96290454739981,0.3081313488513906,2394,1
59.483454594597184,30.594669828808446,0.35826331863949157,3762,0
74.29960643010523,28.651656115527842,0.37049100857620937,4582,1
60.30048024598258,27.54638934583624,0.49758167193447095,4897,1
63.06763090276595,28.790121254047488,0.4918454443942414,1083,1
69.88110330421802,28.447292725835084,0.27542826235536155,451,0
57.61481410139627,30.681664889501953,0.4054934110999849,1824,0
66.36475960762478,30.64229592419946,0.32904201452508275,2051,1
72.84285652569457,30.012184080613657,0.2741495089324666,1379,0
55.35510059263264,31.7477526789854,0.37829829495756295,2007,1
66.10780315119382,34.76258509914537,0.3691517211544181,4948,1
66.55929676549054,33.79821654176529,0.6426716486345523,1124,1
69.69093723066386,24.060408126200386,0.4432959825360696,645,0
57.57829573473151,19.78431546039218,0.2622382499245763,4274,0
57.07726032149434,33.7372796449571,0.34352259958290576,2481,0
68.13164939370138,24.532485206338315,0.5021383295429399,988,0
66.78190803939911,29.100938392429267,0.6088442772869925,1205,1
66.50295710207526,25.31954789576256,0.24140166877620417,2649,0
67.07868925698186,22.79207824967992,0.2120075614860955,2090,0
60.919851670529056,32.16585091281915,0.5870965175371783,4098,1
66.39352218296602,33.03662064121059,0.4389614177370904,3875,1
66.75843483979209,27.693958397093123,0.31317072681236335,2912,0
60.71389149184179,19.63583083142036,0.4534629086122436,1020,0
76.19464706686854,27.81502220699007,0.13642522609831226,4745,1
67.84299752547072,31.567216021610186,0.4003375506597161,2161,1
57.852179016784106,24.084353724903487,0.43278211728430854,4587,1
68.93932165180298,30.73343967911662,0.492427013953783,3739,1
59.15190997863607,29.93876060330802,0.29861040477074624,3265,1
69.72250762245471,32.317165998404356,0.4085687161403359,4535,1
71.95157347404442,30.478321473656614,0.3074575373940413,2744,1
60.075906089889735,26.10772423647378,0.42553837556743174,4952,1
70.78025677546593,34.78628600665797,0.3104653677636976,1145,1
67.47668556161899,29.36588170789212,0.359189916083978,3656,1
69.93236095996694,29.890781841960273,0.3004184605209771,2781,1
76.38075789592368,26.266928163707217,0.46511362418236574,3299,1
63.52767130398278,28.22687099523396,0.4858451116656666,1038,0
60.47758301385506,26.460789143892395,0.37653794300425864,541,0
59.66291342224686,29.308215760306307,0.40382379949600283,2650,0
60.10513829020737,36.846833920569374,0.2551408585366456,4325,1
64.53738974351538,24.512395428274573,0.3700323351993213,696,0
67.04691184889987,23.545754408493035,0.39497953829582555,1605,0
66.66014479598012,35.88468130997443,0.6620793091029975,961,1
69.96309949421614,29.162705291392534,0.28880329742258365,2740,1
65.07801135126745,27.323709045360335,0.5464177238752438,3831,1
73.7212044629439,34.159618749584304,0.4996858773465808,1651,1
63.41205900057226,27.577537841052543,0.4280636404490137,3336,1
81.32101499953771,37.304038854187745,0.5758620484195134,1836,1
68.75400408659004,32.71170348535708,0.4372105472606863,1549,1
59.8570546615023,28.04835436741719,0.4389159195667929,364,0
58.57464501163332,38.629232853062014,0.3946879346982455,2759,1
67.89483449145911,27.577140307986646,0.5223568882418628,2821,1
63.65922328804489,32.96838148803723,0.5096469233810884,1562,1
69.28400296455256,31.19717032162597,0.3374322712503788,4352,1
67.83942574744127,35.20696515759519,0.2680752805401233,1545,0
64.56302652405877,36.24604478690741,0.3797019362604343,2398,1
59.91923769158957,30.128016596263066,0.31999614356023537,3025,0
55.91091665188481,26.986328518615267,0.3936475425384645,1732,1
62.320910287597876,31.839888571756465,0.5237438134684139,2474,1
70.13839276594084,27.289138520991575,0.354269834491321,612,1
66.28456246478122,38.05354899010649,0.39571766186884255,315,0
57.52556732772807,30.54614132433095,0.4058022734808395,3431,1
66.03908555510709,28.538713794751565,0.48484308822052846,2272,1
67.31190427837302,30.738721223459635,0.1753110666015395,3253,1
59.6968553827932,24.611494841881214,0.33932997052347036,1806,0
65.92235063567317,26.113543845957395,0.4211283692279473,2206,1
65.349252310676,34.8016556317777,0.5200078956426861,1667,1
58.142178213016265,27.372422884114417,0.3508097552493795,2308,0
67.1467241620897,25.81235606927224,0.21234472939581261,2431,0
68.36470715820941,32.14661101010915,0.46197114459661365,2253,1
71.49830745905166,34.742816618651986,0.3364637611174371,1228,1
71.32281231220942,32.875813242660264,0.28103333409096387,3610,0
56.733983792257455,33.984190743223266,0.3375654610286776,4423,1
59.37304976050926,26.972819645722158,0.38154746423441505,3753,1
68.09021160325196,24.312757333032625,0.33952553354617876,2465,1
68.08271570547325,36.00533460782195,0.1794433942900931,4997,1
68.09028611783629,28.709280644631455,0.48970661968871326,3021,1
88.11638894392833,28.99666793417981,0.5274875041278723,4667,1
68.42534306415901,35.312776567396234,0.4651521991339506,1179,1
71.8133938410836,32.22492003760264,0.28623143295751835,3611,1
70.72401058095922,31.82355108832643,0.3798508466052482,2841,1
68.90834750783479,38.66000937960433,0.3993478684770542,3120,1
63.10838453215793,27.42592707847943,0.45987943895619104,328,0
69.55381532295961,33.71136051232495,0.4668340488718081,270,1
60.36304871277457,30.228052499588337,0.32658262012215045,394,0
63.57908835955995,31.074369115453027,0.40819955564135607,4384,1
62.08781871302538,36.11387370565013,0.44572804046152414,525,0
65.49124483631793,32.03134302515849,0.5455822322146767,1018,1
78.88795140004105,32.153184316198534,0.4704506539824723,3353,1
53.796408844449516,34.290029349239205,0.4789056687375519,598,0
69.11756114224708,28.54018908182846,0.4083826627929361,2909,1
55.32370477286209,26.643161330643974,0.5410459145203504,925,0
62.1684088052634,25.820763223915865,0.44097627959594976,3879,1
71.53370358180419,22.134573642495994,0.313891208982643,1958,1
65.38568011457278,38.22482851976129,0.5403369970125191,2218,1
58.53353133242416,25.58716653711327,0.4697903272539028,245,0
60.70817774444019,29.11498550565691,0.35569559788715177,4665,1
69.07758649360805,28.892746800444318,0.3520507032600757,3677,1
60.61780020969718,31.229626791236402,0.4296575545140762,292,0
66.29875153749185,33.26294885015719,0.4463184795267585,3988,1
65.27343103942289,33.44189395343898,0.41972922656312067,151,0
61.0903979143651,27.667690245724245,0.4311308673442885,2510,1
77.86366453595195,29.331513144854355,0.5699957374576381,1920,1
68.80351413390807,31.1303198019532,0.5071543152234886,3064,1
52.849144480054356,29.00523549526581,0.41906355912650245,2621,1
66.11872588861657,36.42938230407997,0.49413105807674834,1969,1
61.02928121138967,31.963899806553005,0.29674760964724606,2668,0
70.11460000877734,32.93951114419927,0.4397927049946809,1967,1
60.244875569403796,32.65152507466965,0.580930634973311,2838,1
64.31158135119861,34.6938954299413,0.37819541046076266,3369,1
68.02992367388275,30.724086234814827,0.31523660713809154,3299,1
70.19453116502073,24.812672208176615,0.33479111114069393,2679,1
57.79822155766534,31.598751807010565,0.2910366962657612,4105,1
62.99299258495431,27.394572424832685,0.32152380918722967,340,0
62.150328133034265,27.885533273000974,0.36294919014099714,3540,1
61.08002460455773,32.34545607502037,0.25944329808213584,4731,1
75.59272544168658,34.95313228573454,0.4015618333949603,1507,1
67.42989026576574,30.08508630694425,0.4902277173786648,3602,1
57.43469627398973,31.235332050395854,0.309224381985308,4138,1
70.50717168232866,36.80885977854095,0.5519283923641769,182,0
77.7329371820758,30.963012717954275,0.4510792088527595,3868,1
71.19479156330688,40.40673245672158,0.5030580585624058,1050,1
55.88378020427592,32.26203858252617,0.33421654461478634,710,0
62.09459556280249,22.95694896337673,0.4854525227066616,4769,1
72.60146689511974,33.01336648441813,0.2908066099604687,3705,1
60.753983206287316,31.52463353953111,0.48902475008365087,4654,1
67.66291656887736,35.15901101633098,0.41718393397935316,3383,1
69.64780432057601,32.692725405079834,0.4553251219984784,2273,1
59.4384171705315,29.446176064064904,0.28244053943751485,3584,0
64.6428478636292,25.102807054842536,0.31049301577233956,1622,0
45.55239595958557,29.163906970855898,0.4597228218253385,2701,1
58.85367415199426,26.5979181831628,0.3051651995775799,2757,0
63.484591091641036,27.67790620078111,0.44632062920991233,2259,1
57.5133009082109,32.354313617682436,0.26328621935397545,2549,0
74.79446782358981,36.67961801740562,0.4848174212666668,3930,1
56.4191517322362,31.578686119291923,0.27674766852314914,221,0
62.3597330798181,25.216467751859263,0.45522999376795237,4468,1
65.78444346371654,31.77841067288056,0.4625630933646001,1417,1
73.64763973439669,34.78652594658261,0.3303228181570425,4593,1
56.38482709292336,27.56086838272247,0.4582026567084727,2618,1
71.97898251292976,29.46393133330833,0.4260442263333556,1330,1
65.06139836611752,30.058752778916787,0.3461158143807262,1233,0
59.110948093712295,26.86040674767104,0.2991445315923792,1401,0
67.77262084557962,32.59312173537543,0.2037374308327421,4134,1
66.19435817344082,29.516207405568874,0.4349650047299694,2010,0
61.39869873704723,31.67812977562811,0.2435197228637945,1605,0
65.41881250994011,26.4500312887916,0.40953441994413087,3285,1
62.68811841882944,28.25016679870636,0.3736551783917751,2016,0
65.68110407150749,32.889525431311085,0.4679142775438196,3648,1
68.97278404712628,28.508667391632933,0.3697954500510136,2857,1
74.51610089687212,36.90785540493362,0.3670552213652909,2056,1
57.57310700703891,28.401455257541592,0.47318707042882957,278,0
77.7982002479376,30.898738903007544,0.4335058029084118,996,1
53.28747320286499,33.73036332749236,0.43161559571827784,1651,0
64.0892894297865,24.326537068267875,0.44692675898085266,591,0
68.52990323890747,22.956764752076896,0.24644278767928943,160,0
66.6859512064102,23.89737474171962,0.47567886799869824,1177,1
61.26380288107644,35.05033641370873,0.4612468794013603,2995,1
63.75126649785635,27.792567416430213,0.2983316871423503,4260,1
62.041994392047,40.23279714267301,0.3755919526325799,3783,1
61.46381145833473,27.743009605370446,0.3960692712372369,685,0
70.09761258212615,30.73820521278815,0.38655032155982677,4060,1
67.14209291579029,36.1684398102715,0.4333859966568535,3870,1
60.842542428436076,38.024371552636495,0.5431366781831184,634,1
70.3975992525995,38.24601430654559,0.508176672767283,3562,1
66.84379712525966,34.83346492237257,0.2687780806568594,4111,1
69.87717271303376,34.09625010324585,0.4622069990306049,3498,1
68.77777305154167,32.37010779680473,0.5328933319535409,2255,1
60.026029934467566,33.11344430466655,0.43868085206892027,1104,1
61.638913758818184,27.795257134685865,0.5090980425185967,2599,1
69.48376163073956,26.72720446631077,0.6012270445700766,426,1
68.66222159260079,29.986502170356193,0.5023709546106981,4803,1
64.87459043621512,29.319261509900286,0.4249308595641729,2806,1
65.70396429985269,28.1870878026909,0.5045088474084753,101,0
72.66598937473054,32.78554978982686,0.41448878330968913,1133,1
61.45057166698502,33.821220834282045,0.4023903043284956,2581,1
68.28258428702023,30.353627545167388,0.3648585764286268,224,1
63.78684408539664,35.91012032422105,0.5563413358832109,1204,1
63.69391278063668,25.43324354346598,0.3181571334057999,2799,1
71.59266111192314,29.225362162881126,0.5532367724678117,1961,1
69.95249809392818,27.13271071758878,0.44998641237403714,3020,1
69.88105781600383,22.53385353170776,0.2600693825198058,228,0
72.83287284292598,29.669277256629204,0.4367649292991422,537,0
65.12602304979656,29.513009966466864,0.1899973492348376,4946,1
69.09171782776978,36.05379897296852,0.4625508016831036,2648,1
63.13839946043927,32.52324673821911,0.48852314829889915,3229,0
66.94499811493066,25.90325270268318,0.34076440443479467,1321,0
64.2191416737939,37.41637026533675,0.4123547695955583,1001,0
65.5819757899563,34.88413478210141,0.5954157433750287,3268,1
68.57094215262148,32.328390813874464,0.34942532957380634,4586,1
60.090675900599166,29.094063604600674,0.29410924129433996,4018,0
77.55432365411276,26.16224305310608,0.5481663402462599,1167,1
58.96389571100179,28.511172895715788,0.5962587190530795,126,0
57.714868323273606,34.35499447881674,0.4003695671847848,647,0
71.94866524100041,37.53834522373844,0.5011463035408357,2768,1
69.74997616377762,36.172974113088756,0.5341475915530881,666,1
68.74471890231293,28.044602312854902,0.3257515767461616,803,0
68.77007305558568,25.521530266843953,0.35146941646321317,4380,1
64.92651936291851,30.563544987644814,0.5230874513154735,3240,1
59.61647377108501,22.926242537748593,0.568501427870851,1690,1
65.45482734916236,31.292670856739125,0.45628808601743553,4794,1
60.93702973092733,29.409589654805327,0.3120185646497946,905,0
70.85071840050651,28.135853992527032,0.5987061111699441,3891,1
64.11765571098717,23.621187730932817,0.3469029102188036,1457,0
60.04701681924493,32.05440042627887,0.36648622188285485,3325,1
63.07168495008204,27.869196641352353,0.4342337834489622,3718,1
67.47758872565375,25.320332657158847,0.5554160420714774,2226,1
61.61765268317615,18.510951146873403,0.4853975976552224,2560,0
60.06667762660141,29.889940379797455,0.4414865500361911,645,0
66.46212326895147,37.089006386678975,0.44632885301181063,2828,1
66.46979942665234,36.64503685819148,0.40435146686434664,3834,1
61.95834094777322,28.17161497365491,0.45581395145185066,2662,1
62.17377016629006,27.59115175855288,0.1470439922305697,2179,0
66.39229962414582,31.875097024300096,0.3703392540930202,2741,1
56.311493951016054,26.006458243246833,0.42413219349167813,3214,1
56.55521735374067,31.207167599277863,0.2848985916380493,2026,0
60.68933467248539,33.06432111353876,0.438632331781156,716,0
63.71931708972892,34.90773289553723,0.37955287790138786,3744,1
66.86544539358803,29.59938369408019,0.5755475698315491,1303,1
73.85213730169731,29.185304999292136,0.5573019725214856,1859,1
70.14595773921212,26.488069652973756,0.35341944308818374,2665,0
64.04036882021944,26.69247858384056,0.3849162288433305,3274,1
64.88590275258387,29.094084432393892,0.39260524343916076,3181,1
58.98482381217315,31.46946202726471,0.35483405238403776,2730,1
64.88892118404566,33.654338504932994,0.4195024984028127,3261,1
63.26804816647917,26.78728419727862,0.324171793111241,4421,1
66.93631136202853,35.97075427583809,0.2869384665062474,769,0
60.036614338686064,28.915505595829725,0.4622711223900269,3268,1
68.11607908544704,29.914530822606256,0.4629529584221811,2221,1
74.19643347801546,27.011153283408706,0.31956842403400076,4178,1
64.34743910925886,20.303038958908232,0.48953554307626,4251,1
67.41027033259365,33.5361815854442,0.3368422270834669,819,0
69.14086395026668,32.94737558836973,0.42531652380379814,2700,1
62.592677168684986,28.874689771527148,0.48203440126124564,3698,1
66.3445548908625,30.267962868899488,0.39663874352962875,4769,1
65.07555440469076,32.0637568708164,0.44547409121411347,766,1
65.58605659129299,23.74981657245383,0.34835703561124287,383,0
60.3619412968672,27.88378929061482,0.3803533416571903,4003,1
65.14706104555366,33.17705871848731,0.379414056911966,3665,1
67.9879897474727,24.982842307323004,0.32534216534597615,2334,0
73.70686164677025,31.174231728666516,0.3823225836884218,4693,1
70.75562495651124,24.57367278150638,0.24513817011362535,1565,0
77.91909474506934,31.865719929734105,0.35088462528578956,229,0
60.395914622671704,29.857434070810065,0.37151245066303296,4834,1
70.23392382032407,23.539472736377963,0.374382024750462,2160,1
66.1000520344301,34.65895741782869,0.37585025541292216,3772,1
78.13881759930604,27.061633692807803,0.39382358001398715,2594,1
60.15021028786909,26.758990251942475,0.4479441518086064,1092,0
59.961668946915346,30.80227678892377,0.4874517074132523,2221,0
61.403644127335866,34.59454939771486,0.3350234773151733,2684,1
52.25662565414116,25.936712724086412,0.2796799144610856,4296,0
61.84546986991543,30.246719399391885,0.29579555877568975,2323,0
60.445204030677814,31.71526600132229,0.35127970788050733,4622,1
65.90236271885725,32.772422429052575,0.3648078682183491,3288,1
67.05053585466295,30.705766221108902,0.32300039338025427,3337,1
76.25702503529531,28.53188864366671,0.2703883335750106,4236,1
70.7025430291163,26.68963911740512,0.35438791725258123,4624,1
61.53857806602558,30.344575532185498,0.41814266201139716,443,0
59.60951197190985,25.71144395205757,0.4595029465835565,4561,1
67.95151502903903,18.31459806602157,0.3442576946891679,4804,1
57.078600757876146,31.74623921663067,0.35870021778565664,4923,1
75.98875259512613,33.61573936434478,0.30733016911526895,2376,1
72.07664072432772,20.548270257832648,0.3968560829625224,3301,1
62.18494608737177,25.96107718116025,0.31515713658091854,988,0
54.721192825454736,32.47661704402079,0.45731278132412,2143,0
73.12323424499247,38.22998187884679,0.2214133508065889,1441,0
64.3127609284843,30.083174830701633,0.3640370327547538,3820,1
72.42689787184077,27.08798823508346,0.4301107339191742,2983,1
55.433434047233796,29.26841423558064,0.41838345163225044,4312,1
61.403749862277365,35.49950567659274,0.6693033663980497,2515,1
65.0314621983091,27.41614328350186,0.4349800024567908,1217,1
65.28188356258845,26.803231973398987,0.299594540315799,4363,0
62.299607171124535,28.069025911271872,0.3904535752910927,3101,1
68.737099594085,26.18668556696515,0.22237536665335483,1838,0
58.59427742370443,30.490681263979184,0.39194002507032394,1464,0
64.14572308987223,36.49871383387824,0.31669439429992413,2808,1
65.7217737902714,31.292317092464117,0.4915390275560162,4890,1
68.08663300435249,28.99058599149485,0.34504597254044655,1024,0
69.26968926853334,28.832754924337824,0.38832340842047536,251,0
58.252147448972785,23.747236765213373,0.3364442158595597,685,0
55.795314975586265,33.53243910858863,0.5738851351853331,1012,0
72.66606093139106,29.68865121194879,0.36787572338820884,2421,1
66.99388407187755,29.2780803456375,0.5832557043479202,595,0
60.50908078066068,42.77243027137944,0.48141517621182667,3895,1
74.30691185313513,31.195011633462745,0.44820667273353865,2248,1
65.69404780575715,26.992835799619264,0.436873314731752,656,0
72.07578310438296,28.294569615177828,0.4393797298216252,1652,1
65.40511088846065,34.59378283678702,0.207232742065439,2220,1
77.36448754929192,30.45308164215106,0.3721116605849244,3185,1
75.53204505465922,24.246888086730532,0.4845157971184322,3604,1
63.506215109125556,33.67691573830081,0.3951102816525895,256,0
70.82942570572614,27.327423657844022,0.2594810153196425,834,0
68.87225569751088,37.493191104870185,0.39475955494225307,4754,1
73.21178934519409,34.3201922628586,0.5704105516255491,3376,1
59.21045923651937,28.210712417364995,0.524689171553472,254,0
69.11630875999063,35.12406544694045,0.39379959906339684,1096,1
71.35054692109753,30.271422042109613,0.4951449277058087,2394,1
54.44756308146131,33.411094700488874,0.3633492979631948,4726,1
57.900448924005346,31.9389312691779,0.22961284131732812,3005,1
52.764606933439396,26.614573380036507,0.30755340118704455,4924,1
63.383558993332656,27.42580067073015,0.5562888768508198,1277,0
69.30525353477577,34.119843270324644,0.3726006918170696,253,0
74.01414231257617,28.660898671573836,0.3756616020624982,4287,1
65.44456868251865,28.385406147032015,0.37001618037251194,1816,0
74.77169327342776,26.17950968260259,0.5904136589573007,3302,1
56.71939125071065,31.694396262373843,0.5625958915362064,2957,1
54.77970536386907,38.25009967697258,0.6218780233448135,886,0
64.6667138066203,25.729868342982908,0.3840954789599949,4468,1
67.30439269363585,30.09687782669103,0.4295624488747095,4372,1
64.80383151143545,35.648882221661715,0.2483357450579209,3867,1
52.59534739976074,29.681434435017138,0.5476934426118275,2978,0
64.46527976292327,31.809487184998936,0.2832220448732065,742,1
57.17318299697088,25.750425887412483,0.4216775563762629,4762,1
69.01803529298023,31.713228388830593,0.2902697472367156,765,0
67.1995894765811,29.251422939981804,0.3411133173261304,3526,1
59.36072128203587,33.94291998271945,0.31627375689503,3883,1
61.91679849597984,34.749544206259,0.3392124739324182,3801,1
58.64471886866629,40.35825456807446,0.34608772968510215,1169,1
64.62392541636098,32.318532692854305,0.3451731205074923,2449,1
70.73085392300743,31.303185266328665,0.48333339117803076,4603,1
59.08564372198674,30.777537206309344,0.28951372069374803,1312,0
68.02427909310707,28.587334828757246,0.4220541427013867,1252,0
61.818454289765356,31.353935373846763,0.5217959152305559,2611,1
60.24276300642593,28.818394359443882,0.3486803635486604,243,0
64.35781784027266,30.673843905078456,0.3282081109252398,2589,1
58.78854606548376,35.270390142431836,0.37694753748197496,3328,0
61.678104167916906,25.973829738881435,0.517972520836071,4682,1
57.812732644466905,34.55951424451618,0.4194107630953358,3305,1
76.78835079749834,35.26846026935946,0.34687857053924015,4343,1
65.21158131183037,29.527725892035686,0.448387665118804,3242,1
60.801646952044486,21.51258040396562,0.28977078501635767,3404,1
66.28387946440533,27.56871205162227,0.46813595104429484,1457,1
64.32603170185502,35.187978186244436,0.4408607307701768,2813,1
63.67418240280066,29.90852775080447,0.3692191528861116,4285,1
68.68500020026055,26.002791070820358,0.3161414201552769,1457,0
69.54504626028383,27.98090031508713,0.3113319077716543,4394,1
61.81699311433684,33.36248010601821,0.45348173363459104,4733,1
61.54509055613192,32.186934272805516,0.5228980502489062,3292,1
63.34968981709014,29.044271603321224,0.33626922529712056,400,0
51.188473011586495,28.53270235274125,0.44583867035514846,823,0
55.908853626808686,28.432967403824712,0.19129729813979313,3110,0
73.20124560466715,26.31035926200599,0.34153822693428004,167,0
74.8698062810077,36.46150275787777,0.3968941067129098,3936,1
63.50578376266173,28.710718123154642,0.30903165830181667,4093,1
68.4593417783346,34.868634083301984,0.3063493625210404,2606,1
66.86750092726122,36.085264207689804,0.3332220443531114,1637,0
83.47328485073143,33.99324359259184,0.42921927283263733,497,1
71.71744946860746,28.273518749127806,0.38126709815936255,4815,1
64.2324944511154,31.61492036134644,0.1761768766675028,3457,1
59.26675735639745,29.903217574436336,0.1879299847364934,1263,0
55.36132207845456,26.38519255707949,0.3393134822142825,4925,1
66.22078181520334,31.29743712688641,0.44576865860535525,655,0
60.46189552829418,25.28384083536079,0.12524951572747656,3761,0
56.46647774241396,34.75071755384626,0.350026982384837,1851,0
61.120562694544844,28.14153081080643,0.3473752143482579,3041,0
58.51071197831363,30.804638623491357,0.5388337778208449,2757,1
75.12284981043538,31.13315148618457,0.3614978188287137,2895,1
70.2898385416967,28.96438010518369,0.43829889847409287,2429,1
64.9521641521003,32.346775205901096,0.41412571400874637,2059,1
73.87966483334016,28.1003853735099,0.18694335201927995,1701,0
65.4642098458857,33.48518918982898,0.47682072166317374,2893,1
59.83229479203042,24.616081279013006,0.4215396505456288,1580,0
74.13874446361794,30.505518318185647,0.45082686396745897,1202,0
68.23346026210795,37.755715996233135,0.7926237706436328,3376,1
58.776523074041265,25.998674701577702,0.19158870605014117,1399,0
63.85796793149835,27.289020117900595,0.5724696649761108,3979,1
59.74629047969145,32.05563139863566,0.37125524805996446,1635,0
56.70320161421398,30.718327127758393,0.42873289044030094,177,0
70.55706528518985,31.402520397094236,0.3954487754698758,2931,1
76.45649984282079,31.956748520590654,0.35757636666019565,3510,1
56.608594557085155,32.53888587424708,0.34301670717612415,2821,0
68.37781542014342,34.43879936782489,0.43295087355730094,3727,1
61.09614458526904,31.63927462771405,0.2482826303328321,1632,0
62.07724769741182,29.03496938152583,0.47505791675217657,337,0
61.44563645456679,32.690294804810925,0.35838055951147463,2096,0
59.8160553819211,37.599527739580864,0.28699306609596426,3527,1
65.29112976766896,29.469465014469705,0.3549987142004186,377,0
60.014299301533775,26.101882781317435,0.5257149216862573,3189,1
66.62274095467903,34.42832267714789,0.3464664912983777,623,1
64.69857134330518,29.518475344185607,0.43584536182096206,4375,1
63.56631171880154,21.309321815943854,0.3269043724284527,4318,1
59.554618027750415,33.38968670860169,0.475792184992362,3222,1
61.53937201659,27.85868725618431,0.46855077387902044,4675,1
69.53234735495454,29.637866870783355,0.5848608833296411,1897,1
68.00550312574629,31.327921322276058,0.3824436054500785,2231,1
59.134668531208696,30.761998719116267,0.4668654804757907,915,0
65.59599383257536,32.837807268556155,0.4098067539538945,2794,1
69.50832274023074,28.258054517720627,0.5295871781863015,542,1
54.98356831327177,32.05242319270433,0.328116761239127,3240,0
68.26016115427961,28.96181328966433,0.4745005312877281,242,0
61.02425744632492,32.95524192355001,0.38053027038833187,4387,1
68.42359201155895,32.46146993605221,0.39358118228915023,1510,0
60.420445060744896,26.25824519182162,0.4091752484448373,4573,1
54.17070739601289,34.34392846470013,0.42522403964266775,634,0
55.23474537270103,27.85614621954381,0.3883770956878042,1816,0
65.28850967996829,33.23223119312458,0.42147131831705265,3464,1
66.55833501032889,31.469149253605362,0.5578118057562185,1132,1
59.57410024937355,37.35273470718049,0.49854496856152186,3442,1
68.83155475266425,29.10613607051259,0.4869154592496897,1510,1
55.03087962638624,28.60273281552721,0.35444604739761293,4600,1
64.6035212081161,29.922321576449068,0.3110759171771676,1272,0
57.73390280142526,28.787280868662897,0.4955300558237753,988,0
61.08898335318705,33.1997676077682,0.48760467925297946,3438,1
65.28439202789849,23.53475756625365,0.5472670675750982,4617,1
59.837519808296285,25.785270323414583,0.3396019374030771,1741,1
62.69266673462105,25.72878831368323,0.3770451344639653,571,0
71.03775685528664,33.801230367894306,0.2360515837474566,3040,1
61.53864878286111,36.8424534903277,0.3607528893939127,646,0
70.01415267239085,29.582203125850114,0.4996570510579448,4826,1
58.221758872054295,29.32471310723996,0.35335046207718024,3697,1
68.1788250674917,30.280208652452725,0.4640479795200824,2925,1
73.6494117239474,34.64751321043276,0.3809496894002189,3823,1
50.170132999236266,26.290587463237703,0.43240570282215607,463,0
60.21862846717714,30.953475930939142,0.2852308610184333,2266,1
68.46243276308324,33.90079051912972,0.40852094496339014,3409,1
63.78172768374204,32.00437667975938,0.10088640290992767,645,0
67.22687524022786,30.758326466394973,0.38131038418380153,3340,1
61.37608887970508,34.00418437026856,0.236952675628486,4829,1
65.5195387248374,19.18707082800305,0.5205994516546817,2036,1
64.06593658764753,32.71150127812363,0.47774073527645117,1062,1
72.00669236995884,27.383697267490305,0.4466670981966081,3105,1
66.52652505980728,22.67746841257417,0.5521006227159381,3906,1
67.02561597245122,32.044810398099926,0.3051083479175163,982,0
62.52873820326519,35.49463418065183,0.5747363197915558,3940,1
62.07436265556504,29.450205941489234,0.49321915642603853,970,0
62.404650873082275,33.811498188811754,0.37634447127810544,4711,1
67.36671285426978,36.44911303195458,0.5135620147182944,3085,1
62.474093115078425,35.25965781433619,0.2893706487588366,965,0
66.73864914137847,36.559858117485575,0.31754858384723267,4409,1
77.45240479187264,32.96850996428757,0.33914102767603,3303,1
70.22674822059015,30.30173455560637,0.3471022291935985,2997,1
63.04385880699295,23.592136752411328,0.2943442357239747,2344,0
72.20728353298367,29.015750047480207,0.5223083067095325,118,0
62.551547761870694,26.627013618735234,0.37411455996301685,741,0
52.77125278893288,38.68377086999126,0.43525049683568795,3183,0
58.95148213449558,29.296456750270654,0.34296486335863197,429,0
53.77524847384487,30.492819227137943,0.2179396699451483,965,0
62.890919095752146,32.20594150416187,0.42700573583914225,873,0
65.11051027513732,30.174409785489814,0.20877450245802232,4587,1
75.0586238736517,36.78020416172301,0.3931365953914532,4832,1
66.96156424258497,27.50940255306219,0.263168496116719,2454,0
63.68539682714682,30.778429820948972,0.5987275999230808,3438,1
69.97643348710093,27.030117657207807,0.4911362722174722,3618,1
51.73318814595269,24.719909955117178,0.4105753791271481,3042,0
66.4136873486514,27.552923636378857,0.5263706677654669,2667,1
69.6251911633218,29.851852811806353,0.31536840225342644,1774,1
56.12848252532095,28.28279110193096,0.45434793786700933,2783,1
71.86252425924158,27.230316080504576,0.41998104337187137,3480,1
67.03097844496648,24.374730145312665,0.42640200813336704,839,0
62.50827251659519,29.667577709485222,0.5272353500106768,1645,1
68.79669119663771,23.98111850387599,0.4732492102779803,4664,1
78.62415714682638,33.04022385475841,0.42887236628250236,2359,1
66.09119753035097,30.329759011738012,0.2345112563771704,1235,0
66.48932351780202,24.16979400214028,0.30399537047205366,973,0
62.24383460275853,28.763163691800546,0.3877291066404276,4655,1
59.90093378321125,26.99137437763767,0.40933723742766515,2400,1
69.98201489926548,31.27669804167672,0.28697962753260764,851,0
59.8634970445468,35.36180178409258,0.6411676675578422,953,1
65.42939742331636,22.49931012141702,0.5516394055253573,3832,1
62.1340553194093,30.460104316589668,0.46021183203924837,2383,1
67.87387895447836,29.35946881773344,0.4072036861283745,1429,0
67.00197263172169,32.685360305801865,0.3787791030098849,577,0
71.22523966554739,30.852786512950757,0.30480815399777644,2826,0
61.939901606871516,26.992122673044722,0.4077480518518863,3191,1
63.380750388239775,28.723784257333527,0.4257752540142751,4330,1
59.12741770530616,26.815896572786045,0.2758239424518376,4605,0
62.33424043954333,34.30402855439439,0.43341764172448977,1369,1
67.26380295826911,30.085246594687767,0.38447409511752517,4281,1
69.54193169987211,37.60476274301203,0.2092192442122609,2703,0
59.46700805493425,29.757356744741518,0.31396149892204983,1569,0
70.21763552063396,27.16637293235815,0.3586394466578356,477,1
73.13382715282971,23.945142429548692,0.588768765734019,1780,1
67.4806094193422,22.78744129497622,0.45565531245337587,341,0
76.2607748753484,23.663456227978042,0.2664518430900109,1019,0
60.35726480537856,31.068506604045933,0.44860362894176375,169,0
57.532071780131496,32.034900092919735,0.24526960110616347,4024,0
54.32767850657433,23.675237191871467,0.5082691053887074,2186,0
73.9762658689351,33.58015325630446,0.35288753481821217,2107,1
68.92619393812434,28.067755793266244,0.39063638112608295,900,0
64.66649197453727,30.587172047942197,0.532579664754219,2879,1
66.67981175791893,36.4488825130217,0.27128364314157505,855,0
58.24706571620974,33.587357263462124,0.2602881814887009,2095,0
79.67451187770095,28.92587740837667,0.34164006736539954,1421,1
65.77532709185137,26.43523109833885,0.5038378851019317,2430,0
65.65636876762936,21.39273839468278,0.24806539245231576,209,0
69.35459974339216,27.12338672303032,0.11678444018894313,1116,0
67.88605539042028,29.155479044689223,0.35488411415910015,3965,1
66.3433041456748,26.051281891395263,0.45517407999109205,124,0
60.25715326732813,29.474972131630782,0.5200261749738829,2938,1
67.82881014281597,30.30740753183507,0.3536838637914601,837,0
76.2921469788502,29.100576072767687,0.3588573392883998,279,0
73.07252027692986,27.399989676706163,0.5153900734255747,331,1
74.55911975983638,30.67461868786691,0.21302583003045794,2017,1
61.93270594141289,31.767762598277635,0.3611479224816991,442,0
59.062371078448514,25.638403690228614,0.4190423889925058,4672,1
64.24527847940212,35.64372951898508,0.4449218721285034,2723,1
65.33434947373216,29.60564747086295,0.34901933068091173,554,1
71.56514911082569,30.075398491779392,0.40344410117058416,4484,1
54.84521222171108,32.83285769302623,0.15116726465870106,4725,1
74.17730191676368,30.932864525054008,0.3341751587666152,2376,1
64.05195260852607,33.81254653565298,0.44535087125544676,695,1
62.43871358031548,31.148496660807297,0.3017705965745321,3974,0
58.927373748438995,27.55025050143825,0.40589842215895977,4630,1
55.07085996880538,31.446014100824407,0.4446872500802698,4597,1
69.9390235037715,25.425095170717352,0.3657450799142235,2769,1
65.43990780313042,30.434238823106092,0.4170463770996571,2235,1
57.26023460155368,29.867080037422156,0.3037267434715388,4064,0
57.2295273676183,29.16753257090984,0.37933887203039535,1665,0
62.985291804259234,29.485849954244276,0.4610216169589223,408,1
75.01412915173636,22.472603818009443,0.41569729609684347,442,0
63.44245189181837,27.805100369036154,0.34134687304360645,535,0
55.98114228129136,30.37137960456446,0.4224216404290793,276,0
63.525541615484336,30.6394255679896,0.4714609790636618,238,0
63.363658581513974,25.889299436296167,0.1950058721422522,293,0
48.81868014235057,35.062831363458805,0.5159074064955897,3357,1
64.67423080089313,26.535300607142,0.3663745261318928,3335,1
63.61439281874793,33.87782880210695,0.44254899332402303,1042,1
69.17723818888051,31.70877744748674,0.5197246923645228,4720,1
76.09373656967207,27.41509076062479,0.2628326302769534,3979,1
71.75939017728655,37.10124357043805,0.32905589975724536,3213,1
63.38666785667102,25.22545267297408,0.3711451304124295,3062,1
58.36084454754998,33.67661669444001,0.3216246478875572,4936,1
80.44015881949916,34.00232927217191,0.5734936575836809,1053,1
65.35531060408692,27.31751916369342,0.3143227906173207,1402,0
65.08357575147768,35.569861200257314,0.34444532205131334,3481,1
64.85524947733998,28.999813941604188,0.4204389031602977,2980,1
66.18850856460713,31.154774517119428,0.27978504739239113,2287,0
64.13383752845634,31.041287355084883,0.36043192882437364,4987,1
61.55802795871858,29.46276503411781,0.43174532612501754,645,0
61.71884635255765,33.24323309263913,0.3667139595617489,2027,1
64.80348037870401,33.173954882208854,0.3906613141100052,4252,1
61.73945137319741,23.005872107047278,0.34706678875516295,104,0
60.72292530393702,35.21736097151261,0.24855296908192331,3581,1
65.63858136615139,23.350032047857304,0.43215932113392386,3353,1
63.47013669547487,34.130184817366626,0.5754933071647241,1462,1
74.02395793149613,34.50682054731033,0.40184016307834386,1920,1
49.094181149641926,25.636134279139206,0.42252641172475497,2763,0
71.54904111153478,28.35674284818166,0.469272275511686,3038,1
72.47651115498577,25.577181326056255,0.27306695034533013,1373,0
52.55965860555111,29.14031587884506,0.5702514658129606,3426,1
62.943874435517905,28.767862863257037,0.42023287964228023,3759,1
62.77135480402525,33.11864212907736,0.5631856899089109,3045,1
56.55492983169307,35.24123498447843,0.3266967004476011,3118,1
60.333099874454746,35.582735243159824,0.5818061922557825,1231,0
58.336544927205026,27.751327893686792,0.47751554940347835,4863,1
75.51362266054174,29.16311250502189,0.4553040085852359,2736,1
70.61407035888476,23.2662472311162,0.4234024454353148,3129,1
72.62933056996495,26.776519734015245,0.3751471381925551,3119,1
69.33003238425941,33.85940653238983,0.5200531658473873,4477,1
58.22568937269662,36.46233129419293,0.4140359869848047,3259,1
61.85287840232136,25.062604512480313,0.2032930296412848,353,0
67.93624736736751,27.630142963388423,0.28828135382929976,428,0
57.66723314664833,29.89437697216429,0.3814154247807253,2691,0
69.27799058103433,31.120644635278428,0.43099989831655555,2930,1
63.55804761105119,26.761585920313415,0.39434115111001045,3144,1
62.75107515470241,31.696244177856357,0.5218970789793663,1520,1
69.26575980922095,28.104642611716336,0.20488981359613753,3501,1
67.66557986891624,29.942190916486883,0.41435879365051603,2992,1
62.83420300508552,32.1851369920148,0.21820207746128453,754,0
71.95597882018549,30.02568907924375,0.47597122954841686,859,1
58.51362003440062,28.254456437893726,0.39055412855579974,1898,1
68.69561364166559,29.561560784296677,0.44196099720241183,3071,1
68.5586075478103,29.646548163178657,0.3136117039410234,4611,1
63.142721364116056,28.51995588047149,0.5279464931657751,3526,1
66.95679813345271,28.964815749331592,0.5041724664058852,354,1
57.49331854168818,36.39458868201887,0.4583544303011888,3923,1
70.5441621152414,32.24367779176495,0.38704827531365593,1976,0
63.89058718134206,28.818078727883357,0.45798572852951325,2857,1
61.863661876885764,32.78781761804294,0.32931074320126513,2724,0
71.29405535502133,28.66472204097596,0.4855555659020712,4221,1
60.773937856743444,34.69249855034656,0.5649480894323922,3104,1
56.54923222181864,31.478568768792375,0.5070610559979186,4616,1
55.660224958856574,29.570791423983085,0.3270397530192591,3834,1
68.63605970807384,31.790867703241112,0.4361417317273103,1344,0
57.3174238850223,23.716495391726003,0.2706858456241352,1108,0
75.5287650919062,25.49293012436078,0.4572390311175676,4414,1
52.508423552697664,25.224299974403777,0.44506034128625394,1610,1
75.17873820974023,30.571772379054828,0.2130183660467836,2059,0
66.26610480321571,36.93005999794037,0.2838216156087636,2608,0
64.41972132877764,38.92520058477053,0.3716861103256233,4858,1
61.7304854791463,32.55220440576303,0.3699140252859174,2782,0
67.39481668611242,32.00337789977783,0.2790523064581195,1089,0
64.77419178545091,22.795769063389045,0.4388978729352184,4384,1
71.61981129209913,27.829304801063913,0.42514736089405125,354,0
65.68536589197224,26.848864992367044,0.3805730868021481,4263,1
65.90181056877127,27.516609606995537,0.3244208499841637,4811,1
62.81832672671686,29.32742472566084,0.5048707126416564,4552,1
64.6583262576736,28.11163768921149,0.5655407113088295,355,0
66.84681061335236,22.082800758496848,0.3516438516153463,1107,0
54.73898964406025,32.991641024470134,0.33878330828451797,1855,0
56.910887467365725,25.709027897040773,0.44912076654119965,2671,1
69.45958456413629,30.956987456444597,0.3641970620253014,4008,1
66.02519262876766,38.296330678999894,0.3860602799336766,3097,1
63.89609998188393,26.322461633654306,0.47396531517246715,2903,1
65.11060359839236,19.878849909014683,0.20906439124927073,3865,0
67.08549023217003,28.855983112479556,0.531830232485267,4479,1
61.76144191814383,34.40383853999428,0.4072680524329342,3483,1
60.33017164758613,37.833389816882374,0.35885068554378197,198,0
66.1750715305861,25.081801622190333,0.3910765845778551,296,0
59.12976333430981,31.98679689294609,0.3962429355020519,2629,0
67.44951653428683,28.138758172879786,0.22687986965550747,977,0
54.78449837457296,29.576206582783456,0.5494938227453237,1968,1
71.17493382395386,40.57737338806814,0.40413256322706187,2765,1
67.83558489447826,23.988118686419387,0.44430021304473755,1488,0
66.53617840588325,31.014958645978293,0.4951549770574043,2515,1
70.89614590367309,31.870772687061734,0.29788375424397,669,0
74.99284666677546,34.34314529975739,0.44734718990352285,2737,1
71.08622039010878,30.391932613883583,0.37323589091012066,1165,0
53.95475461201013,31.23220215801641,0.4846770775216494,521,0
57.32253819958579,28.433405730312835,0.18727725796485048,2983,0
61.25108853382593,31.07650776498043,0.3900905699758731,1304,1
65.156546301265,28.627230898010357,0.33971793442160386,644,0
68.10595412281474,32.486287559424206,0.4432262950634156,4266,1
60.64553712107921,28.521558655825466,0.44700441873682023,3739,1
66.12060058686247,31.508401575608747,0.3292374105177974,1323,0
60.46770240588006,29.882948745260087,0.3287826135823957,3272,1
61.330893182048314,34.504201003088674,0.3889334631442671,867,0
56.56003341891066,29.794425105646056,0.3103357772684792,3757,1
59.46060052333458,22.907870127172473,0.4841983695452127,754,0
56.889892366302,35.04768600285597,0.3630792799552554,2546,0
59.14476048213601,26.377070796549525,0.10930117806783585,320,0
71.32185077964704,27.38493464540472,0.3625177943378194,3766,1
59.30360666700834,27.61735482382603,0.2961456179156028,4377,1
80.79429238902435,35.497752372683266,0.23687241845390547,4502,1
67.95990740528534,21.457303144085216,0.2762573361777428,2669,1
66.10901674216925,42.55099413463998,0.41094084718329704,1113,1
59.84985331891272,34.224227236264205,0.5328640828248231,2151,1
69.20185927645394,30.892955656516637,0.43131844738649805,4085,1
61.54617304257336,29.780423997534854,0.339349661178426,4999,1
65.73205888787217,31.14221629943063,0.4455904195170703,4410,1
80.36050722961276,32.08448971351736,0.35409096897810083,3119,1
64.4236406016521,32.58086234380023,0.33053996308368555,3781,1
71.89563995771405,32.22241786401379,0.2845637331767016,1543,0
60.78094144924468,30.358322725020994,0.2248171193248281,4296,0
64.79006905701823,29.210646318770696,0.3610076293440555,3110,1
75.62480381381306,29.394906865385952,0.4158053489920132,672,1
61.238197653273396,29.220366878589275,0.39033763299851104,1432,0
75.87469134798157,34.535080387468255,0.35840330720526414,4853,1
69.24651161273286,32.37422688912345,0.3054253939303219,4102,1
61.625199344634396,18.238445461342877,0.4608246191684969,3234,1
68.79444643433312,32.62360310611904,0.26828680800534155,4186,1
70.83532669776038,30.7789447788751,0.4776027913843476,325,0
68.73085977330318,29.92516497421641,0.29977829810732753,4300,1
55.57865168065726,28.445926187644456,0.3247564762646965,2097,0
60.63717694505079,34.49645087994406,0.2533214809384323,871,0
63.514888186690975,33.79010584849143,0.34985978531143636,4624,1
64.55339942539972,26.908489328705564,0.4975312458477979,533,0
68.72403258530407,31.62820914849814,0.4515628088443957,3199,1
66.06620600559953,26.113373061834857,0.49784221120280353,2829,1
56.98793384773939,24.481527340844277,0.4522142545933936,3507,1
67.28118710603577,27.493131101640138,0.2896330171469631,3240,1
68.66351447170294,33.44957388953104,0.3669210775672443,965,0
68.35874268758624,33.81250018150435,0.32198008708825376,2893,1
71.48468435332774,32.05234168038917,0.533057490403904,3011,1
70.00353292729342,32.90038314739199,0.28032113535736886,2515,0
67.75508047537062,32.06471314845983,0.4893697689389111,350,0
64.57900573124812,27.43407361910819,0.48929538701087694,3857,1
55.03423439890405,31.727690178695763,0.5829620201716088,4756,1
67.57770931479551,33.20163810091073,0.3590313407370503,1018,0
66.24612612297867,33.017165319254296,0.47123221595801623,1273,1
66.62947302317224,34.75565348589857,0.6281651836538843,3303,1
57.33950854507815,32.833215388804255,0.33823583230663035,532,0
58.513660757550426,31.40579283016633,0.24649597524676403,935,0
71.31891711999742,34.28060095326571,0.21199899660922364,2346,1
64.76266907686006,29.89391496300376,0.47127120288613317,2362,1
69.08900418423575,26.47250139508913,0.21168497919414164,997,0
65.16991025678277,29.347732144224945,0.36276809470620774,3732,1
65.17853683697447,27.020389420774205,0.4437313187038961,4667,1
70.62970283585598,27.299286900102473,0.41851755368299143,3915,1
61.90373163069576,29.42192531713793,0.44254448641841726,346,0
65.5767246616459,26.830320316000154,0.4222289855800854,2529,1
62.226348267769744,28.76815388144384,0.5278865813313394,1090,0
62.393022635406105,22.425541332184856,0.30476836192612033,3410,1
63.144967259188164,30.853174829491753,0.33230048615414687,1026,0
66.33280262980227,30.004821901448896,0.3227340554729176,3538,1
62.127508270019135,26.731645475727237,0.483019181186261,2707,1
72.53453675344113,32.63698267372962,0.4900398588395064,1174,1
59.632356186682976,33.75028055050623,0.44512253193185086,4122,1
63.87877013503184,23.569760542524104,0.5183493666889928,3899,1
62.361613650354954,26.94910088573514,0.28219591326236193,4884,1
73.6818673061224,26.923430600850807,0.5667224111551137,3251,1
66.17932865906945,26.240387595564542,0.5523238621712259,3538,1
71.1910672368118,33.317899367726994,0.4735621997245747,4673,1
56.086637761778164,29.224695444908786,0.5781798908771061,3591,1
66.60230159521555,28.941940634757557,0.23433767923222262,806,1
70.33778477374062,21.984550542372986,0.34755518637373484,3164,0
65.49370393565255,32.54167212083691,0.32646965393180477,853,0
71.3928822503921,25.04296642058611,0.4721479323757344,687,1
61.896269299397765,30.23973052106531,0.29498592603978546,1434,0
73.45608464111348,31.109507751832766,0.47574951493374856,1947,1
78.7933887417155,35.4426343833546,0.5370536143996714,4034,1
62.822968637362045,24.764718403523553,0.46952029000839995,4026,1
62.32698487159537,17.9219513767167,0.4283751023661501,3417,0
73.72030686270621,30.73539817901478,0.3012126659099251,4120,1
74.47743287438428,37.20204472604341,0.31531490338746354,3255,1
61.86283983708039,34.95578541175775,0.5249618905296667,4402,1
62.47887909742486,30.838637661098502,0.47793490039053327,2298,0
63.309292346836955,28.03345525747181,0.39609804806224563,264,0
56.93329693379434,33.22849038654924,0.358209045423411,2098,0
59.48808832109481,26.105815201182125,0.1974192126888623,3157,0
58.97515539948759,31.905431077424875,0.29291475813155615,2184,0
60.39321460937523,32.02188063666651,0.5911419087139724,4528,1
64.79189067567931,34.24083962999552,0.27195444289975335,502,0
66.40528839521913,41.03864015564431,0.4189479821221081,513,1
74.30300295688446,31.569663868715068,0.5007443973195199,144,1
59.00987575556725,27.964145497170005,0.27450773319977073,4257,1
70.9059343908595,29.89770275123202,0.41847104747810837,2567,1
63.716066934646946,22.923696380443527,0.49379155375106554,967,0
64.7032177420854,27.221147475643768,0.4012499321907251,118,0
69.04891695299962,28.362870247547583,0.6868403055666769,464,1
58.26366787062621,27.90364640826163,0.2331400741121805,3932,0
67.2944584771043,30.60941948813489,0.5058728529883879,679,0
65.99871324927834,26.710320270471197,0.3827198262603536,645,0
67.95470758404889,34.48412266929789,0.4771920154836675,4250,1
66.73501186344691,30.000828259672787,0.44413071516992464,4973,1
79.73180083946536,29.962798715445544,0.3266843802890004,3139,1
61.1735600944921,28.688421133948328,0.42289963924593404,4237,1
61.81401826998909,30.620762735435918,0.2142098548601713,4144,0
61.26115684145142,33.30039305867054,0.4603247500571394,4426,1
61.66713728503847,26.5314791371564,0.4298158465990526,552,1
61.175677236160894,27.367534043698974,0.4638660168643103,4061,1
72.13409918664532,28.78509588489334,0.5058118325087151,1481,1
73.52302548793912,24.61651630610714,0.4367619840209711,1567,1
61.575522237503144,26.72296856111401,0.41480894197982765,2838,1
60.00586656137463,28.095116505821363,0.31189316633387076,1316,0
67.82849333831842,33.49755672285091,0.32877792363509495,980,0
61.68666173431417,31.0502453160077,0.5186734620177331,3914,1
68.79759090653306,30.774359645470177,0.5436335405705979,3249,1
66.2175381251078,33.40359184867189,0.3761889563687946,184,0
55.90553531001661,29.450512846402415,0.40460027472532745,4244,1
74.28503120798037,31.56185939971556,0.3095385625006234,1268,1
75.77526603857314,29.587112988270015,0.5172756845267446,4264,1
61.32326785709368,31.061449397598516,0.4665416823691779,3229,1
62.6737906403841,27.66896536955367,0.5941217436463749,3745,1
66.71519234434943,20.244731366894285,0.3121676922820261,2626,0
67.00674073992215,29.462883351254785,0.3621992100981783,2967,1
68.95126563603698,35.69099254439976,0.42314459225255724,3616,1
77.0612272325981,33.70486160896637,0.4646489537725771,3467,1
63.938316635035704,33.86158993836468,0.3784332362452368,2294,0
60.21021653276928,34.94452288722487,0.31270389095462997,3655,1
56.72408463191284,30.35463036384575,0.48814075289235714,545,0
60.61441976034848,30.789262829622384,0.4721135362545582,3726,1
64.80123816275722,27.5293924182626,0.30837258994362754,4116,1
75.76734718110673,28.735708575891802,0.5355442801105497,3975,1
61.89433220578297,32.46308459908457,0.5170198709196604,3437,1
66.3427277098334,34.81553774867527,0.4134296497247793,361,0
64.90146262356349,29.442214897276003,0.40795978623760365,1948,0
72.13035964068851,28.199242940594353,0.45540577711159075,4125,1
80.16159455524173,30.00211183542639,0.3138296929743742,2366,1
61.81478736247808,32.40482699571646,0.40300314791640823,191,0
62.06336334489067,24.224580735465832,0.18476164553908198,4322,1
71.26496526241444,20.815276187451047,0.48764556455029356,4275,1
69.09134893775787,27.797852602033664,0.24385067775581407,3409,0
76.0802439544162,25.117150296343365,0.5503419828428999,1082,1
68.50356911195578,27.967439209410756,0.36698799060335496,3543,1
62.844247455277646,29.408878724730116,0.37883330180688235,2633,1
68.54392898415385,28.187006363907948,0.33722660939154947,793,0
71.65222148349744,35.80987013788298,0.3711961126077924,4220,1
69.92289308718418,31.30697905840928,0.5418531345148037,255,1
68.04364418664379,31.201897438443314,0.15121913434649206,3688,1
71.40004813753492,32.48882857617361,0.5276965386088188,1912,1
72.01577354267404,25.444667528876924,0.4338023481101708,4214,1
73.29295394622517,34.15644714968107,0.2792978352142785,1507,1
68.89225932553785,29.69694285385816,0.2924687606950762,1316,0
63.997291518098876,32.68192246896485,0.5676393027208203,1510,1
65.88028211859994,25.712571067839377,0.3054493120057269,3597,1
72.23905379905014,23.784964935935744,0.28466494894040406,4472,1
60.098385974076585,33.27155863210012,0.5137314542364729,4940,1
67.2120398532374,31.505638104390066,0.43385528762859144,651,0
62.639967126035835,26.39179378256996,0.3062074423463601,3494,0
65.17246893760891,26.52134767490122,0.4216624975404619,1276,0
72.67071117564379,34.50173913765908,0.2974247316359723,4834,1
66.14659440811943,25.242352428530687,0.5100821398422606,4432,1
65.2786192889369,36.570691813023856,0.5061370964873134,1097,1
56.840863154120484,26.397517061408525,0.45320061988219434,4176,1
69.47752139616333,32.55356770243353,0.4361661061247017,2831,1
68.87290508684646,28.68552609700406,0.5761188124867374,4037,1
77.97952833983277,32.41274972432937,0.39996863273882255,4152,1
63.153330590281996,27.82354399154323,0.2818125874579199,472,0
66.31490196598364,29.348828375710823,0.4449473912832307,2348,1
66.49630210226454,30.163676701582883,0.6086047049537114,948,1
74.46471967858085,25.99125017687411,0.2985240506814148,2656,0
64.42822680567829,32.963297381680505,0.36385372333060145,2422,1
66.67412915462204,27.947145734113658,0.4416446038101453,603,0
68.64737905829924,29.085600338639924,0.3946095150994261,3289,1
66.11965473893815,26.022602501565952,0.3017696419622686,802,0
62.32139831269683,19.750665364818758,0.5121857856230472,3725,1
66.16453995738985,29.235888949599325,0.6320040722017259,414,1
71.44179049915863,39.65046168645166,0.41961314590239074,2476,1
58.84090820353364,33.138417151592094,0.3095931710264,1140,0
65.79781804488125,29.922958481062423,0.2451039474946525,4478,1
60.79927511036496,28.94843668316693,0.4257975981221181,3090,1
72.17027977354905,30.089863571248184,0.5103877343316258,357,1
55.86087857129735,32.18847646070084,0.4475167746495382,674,0
61.646468916370466,25.27674873876462,0.39975961590811465,4769,1
67.26327125038712,34.45728677867549,0.3410728348210694,1652,0
74.39314417540604,32.861525261764974,0.2907836367281911,4618,1
64.60549843356208,32.87274290283174,0.48347513263248826,857,0
61.66880283984081,31.75390295523891,0.4913771621385586,2910,1
76.28694241664354,30.07846663077596,0.2454270213309267,1204,1
56.31191659750254,32.69144494386728,0.5589838978180685,4624,1
51.80716426027951,32.36725653496551,0.45740712208940015,3559,1
67.64008670032,28.583837156235905,0.5399594645145793,4092,1
61.98767465388433,27.705592908412395,0.2657872251514885,303,0
58.87260309721572,30.407425181047948,0.2634175844584561,2875,0
69.25013868379612,36.19608060598075,0.38510306902327035,2432,1
66.46280428262719,25.043571697384397,0.45027844268951944,2092,1
61.61552821557963,24.12989893699024,0.5796360822926964,2343,0
57.318173607974636,30.65904336494607,0.47060789138151315,406,0
70.23474396968086,30.203550807424072,0.3757318723187967,1787,1
68.90120706775197,30.693366657481633,0.2973630792334108,4209,1
64.40494481732371,30.975812791634002,0.523000057271915,1960,1
76.079821976286,29.10719098146078,0.30352945742492854,2061,1
58.57949140204308,35.95945375440833,0.5628468554772322,822,1
55.84684897445157,23.596384086093938,0.3715615350393491,879,0
60.84855158071253,26.686011900879016,0.5590582072617851,628,1
64.72648390186701,29.58698095940381,0.46789312900592783,4993,1
66.46003669593615,23.42724475538333,0.38630045105575417,443,0
63.55258365286202,29.296582382271716,0.34806036281738734,3886,0
67.11233237908579,36.64588066291207,0.365909212265392,3782,1
57.49076345485734,30.083545953183847,0.44283166923752376,308,0
73.66258762443955,30.922803622874735,0.4077156496217717,4836,1
64.50709292964459,24.95934093930968,0.3406188591931295,3506,1
71.70377498952877,27.53455436784209,0.3834368589682368,1411,0
67.05635207826623,28.499214478704253,0.407857702971915,2399,1
67.74051931492271,28.729139612975064,0.1871265905585188,3436,0
68.41860368139322,35.126575180015074,0.44581681147886987,2047,1
67.6862513601039,32.2307642429005,0.30202787752831933,1019,0
68.85633655920526,25.55416817225187,0.2846667596794255,2144,0
72.97491518079458,30.98601911372802,0.23126556528892897,518,0
66.17912701820882,31.992886993987142,0.22061075021321097,1849,0
69.25402254553107,34.56059615408507,0.2644552496887711,2942,0
64.46158583427663,36.32216274627349,0.32909790423695096,1199,0
73.64070329269684,25.939623232688525,0.5953259137526569,3492,1
60.94164618764438,26.756569955158646,0.34741203241047963,2872,1
75.8056425974649,24.969688564341535,0.41777501062680317,2580,1
64.75905229613394,29.063920563572076,0.4400481386506329,1645,1
56.41534938729171,31.86543349778534,0.4131065186215849,1170,0
65.76862648946474,33.949338066356404,0.39225565392740064,1950,1
60.91369005515072,29.69619590542991,0.2804706236400756,4298,1
70.04386129393234,28.720609906980624,0.5450927548279212,3039,1
61.08425612418566,30.60703196899496,0.5807196643637885,2003,1
62.32289940071132,26.659428393479907,0.23173413058773143,778,0
53.66275561432681,38.35815488677909,0.2975971409113621,1088,0
62.28616208450554,23.569355891527763,0.3720189657622994,2575,1
50.45672404022626,30.7389623155829,0.3035462205089809,1707,0
55.49658305908566,38.09442487691856,0.45059655534558657,2969,1
69.56248793686578,30.02719937823999,0.3271727797593387,1602,0
69.71480095190499,29.23984385999402,0.6165056067806602,1889,1
67.55274537070979,28.570218308758292,0.5190548594343596,1525,0
59.19814314122472,29.27843327295037,0.4212574030632215,2540,0
64.71373186314813,35.49139389870612,0.5026986263319733,2142,1
64.9783847654566,21.152552354681973,0.5105900424357309,1378,1
58.04981186484474,36.1337348051853,0.3436052511941757,2694,1
74.02038981060291,24.30417139019942,0.31837827554580356,4789,1
70.26417374345402,28.933390683062342,0.40781430629696475,2536,1
63.674214957022016,28.28302231880535,0.48616361244979445,3903,1
65.16131503396718,32.35421307908288,0.4139060398653418,2305,1
66.25029684768532,23.60750259246501,0.24230035178090029,1127,0
52.74959078945426,31.848690664327773,0.31971755560491577,3639,1
63.51693570487642,38.09723849314741,0.3926027136405622,3583,1
60.90809451201321,24.547303981628758,0.392433439567417,2341,0
58.99027994063051,30.758824670441584,0.5972542176789808,2865,1
63.31339824268427,27.352071288813562,0.2614012057601002,1273,0
75.78611916109713,31.70354882477214,0.4505589241835875,3330,1
68.84505716760206,30.07659110966301,0.548911310832829,3450,1
61.57292606130322,27.43405236382276,0.6271449745422797,503,0
68.43549668813695,31.951489139484295,0.3595602576816039,2825,1
73.39613261951601,37.21739243914697,0.44914294527202003,3482,1
70.54780209747662,29.236384833090806,0.4569760357198647,4263,1
65.35778221952104,32.879031768592725,0.4195481731553291,187,0
61.118379333766555,24.826908168515345,0.3901154798760694,1258,0
69.18933988168153,26.174254492727965,0.44359753895000464,4373,1
67.3609123125305,31.88962511152151,0.14677539147803148,2957,1
70.3711593201664,35.93646411414386,0.46820694900626314,1481,1
68.81103081009182,31.42245339514264,0.4126177903661967,4781,1
71.297316291916,28.747767877907382,0.3777525103221735,2164,1
61.78858873063659,29.997165621693416,0.6046862195719558,2474,1
72.90436439380595,24.99836906412113,0.3325065981209448,417,0
66.1855976281544,32.41806130542147,0.3596924010934969,1602,0
77.45156523575159,33.52933224929364,0.5991553302204734,2142,1
60.86487309146259,28.19163866866768,0.31679386951501437,4698,1
75.41578281899149,28.119831408961993,0.3449884717063461,2122,1
66.18746470077589,31.063512918608193,0.38529745765691503,218,0
61.09149197831331,28.253121055837617,0.48407344821295495,809,0
62.09668499567407,29.73546954149671,0.4207802507353314,3657,1
63.07791615083408,38.39888715666606,0.2707374652847737,4240,1
67.5449956784115,29.01189719701601,0.3467831436872811,4509,1
68.137012928213,28.56663939191511,0.33926455667877886,3350,1
61.55779997636853,27.409832777459364,0.3922778954776955,517,0
64.8538724464341,32.97676788599975,0.44258436586298294,2703,1
77.85362215167117,29.275103307127587,0.4418205755887972,3954,1
75.36525902060427,27.402507846714297,0.2223988245951598,1201,0
67.61794201804419,35.28521612909205,0.5063940987560857,4521,1
65.2280208690092,35.67841201805455,0.4252568845996624,3528,1
65.72018796030957,27.59830573704518,0.5384532047593906,2361,1
68.6811078363825,22.533840194557534,0.4444198327290672,4269,1
58.863244608809566,34.03005475934769,0.5101322957735762,3734,1
63.45574077545993,27.261480696959985,0.44665453114501275,608,0
54.98849555673446,33.16250239665108,0.5346225756202748,2479,1
67.39533873563167,22.119584729152656,0.4522250636017779,3264,1
68.88317563821644,33.570389353197235,0.3902084753557096,787,0
62.100881226203754,25.155312282876874,0.6272434720446882,4852,1
74.4439205797402,32.9230564762661,0.48890371222798923,1392,1
57.64540602198595,30.057092271345738,0.4573744421004413,4005,1
56.21375071874108,26.18424232241342,0.2723695583461664,3175,0
66.34671091135984,28.37185474829288,0.27116923825364625,3309,0
71.28258981567292,32.7452738278268,0.42927154821418534,424,1
75.1035661487472,30.423577812460938,0.4145521197768241,2093,1
62.24669442278636,32.337651921889936,0.3385877434991684,4076,1
71.47208500058777,37.90576233806194,0.414098269961206,4912,1
64.76894918299575,23.743033553155794,0.5588626928043596,2870,1
63.96423620035508,36.4688502998745,0.46954024745502987,4472,1
70.30195962492003,30.41742375009285,0.2858991490247262,2683,0
68.91393727048052,26.40486380670749,0.38884911728570565,3657,1
55.541647058094505,24.67874549704404,0.31950335191474394,3687,1
73.85924209835537,29.243518436891865,0.3612300083591439,251,0
73.28054812488472,33.686600447697835,0.3586384334370357,1054,0
61.24662379094282,29.489803518489865,0.35223544173959953,4454,1
67.37482120062445,36.04461972098939,0.27448646280266054,2471,1
67.96418111769643,24.195297239793764,0.387234531848181,1291,0
66.56404259494344,29.951644208615782,0.343939236315269,787,0
61.69816907692748,24.990426222347523,0.10705513099977321,409,0
60.97025979237169,31.45452753049987,0.6052972024501664,1602,1
64.84667557405133,33.5475495603892,0.5088769654216673,3227,1
72.03637411555619,28.316952825275788,0.3623699275075004,4668,1
68.26160092756659,19.583144573491463,0.40188190497405984,3467,1
62.776314007483364,30.79579258718598,0.28283456526824385,3495,1
69.63019226389007,31.74695420693404,0.5695722877810866,913,1
47.90874427621955,31.61717901984679,0.5897288694773112,945,0
71.89259420223262,34.94312876728861,0.4156693728246525,1264,1
54.5617173273314,25.715785281403804,0.5023530644185346,4862,1
62.825354351581204,32.7208644218018,0.41752867789339243,1867,0
58.28198063224313,34.7700300499119,0.26632745611240694,454,0
57.231911145674566,22.885649663973933,0.3588176631036343,1972,0
71.96496072427112,31.27860730367591,0.4131927966771957,2124,1
62.193792792128654,27.983280675969315,0.3545452281256556,2917,1
67.0790232903843,29.673909307593416,0.37813467225649644,3932,1
64.7184765267249,31.390705934153345,0.3908600442490886,4375,1
67.86224496333872,28.05108574354579,0.3919121502134539,165,0
65.46093134636153,27.297167683353553,0.40522584904974834,4366,1
57.30204665486858,30.136609669952097,0.2939394933603399,4190,1
70.97760091668285,25.65101624454879,0.3282983850872064,2621,1
62.03746050103212,25.65669948445926,0.27154157343000307,2681,0
55.660508608041496,32.71749313182601,0.4977815549686201,1490,0
62.431309034204524,25.404823859365376,0.18943530581596757,1230,0
74.00455874380586,32.66525000363685,0.5153590343316926,2586,1
70.10133045268095,31.850365171415806,0.5386349397262844,934,1
62.908087193552845,23.096773084837615,0.36978194130173786,326,0
62.904453774089426,27.28974139065738,0.13968629121727016,3615,0
63.070189692695706,34.77643761218949,0.36386894380327095,4637,1
77.46048790136504,26.075337875441274,0.3935815838711181,2543,1
67.29161271338933,28.14238295076245,0.2989401780071087,827,0
67.58024988314642,31.848243573007586,0.34847816061917575,3786,1
71.18170072419105,33.13356203713038,0.5530195198863351,3722,1
66.43273495415909,28.993844455822018,0.46649271623017413,1136,0
63.44574712507578,27.609959221233435,0.30754358856219,1932,0
63.82190090549013,35.68947944679403,0.2402400830404568,2840,0
64.57039244351562,36.955598655190315,0.3672982682390229,592,0
64.77666658094095,33.91543220312718,0.3786543220649562,1648,1
69.36577726182188,30.341272570260095,0.44961991873633167,1243,1
65.3116753148438,26.766937113436295,0.34646832874323413,4057,1
69.39584046329348,26.67822237377374,0.45114995753618614,3507,1
64.5157005193485,32.09005642106303,0.593515404006023,739,0
65.47181114189654,31.673592883554736,0.4815501022444263,272,0
53.01079589280735,35.60639437178572,0.3951911492669228,4454,1
70.49796604821489,32.60180037014456,0.3816849528946705,4059,1
67.07893085538795,23.98767879296073,0.3643326865820129,616,0
70.98806065915791,34.20779047089167,0.5180640912452145,622,1
47.62246773083787,26.00775749074235,0.3372686554048697,2017,0
77.53024822868437,28.464114912190595,0.40452227089999826,2986,1
64.16246223106896,31.000800825006777,0.40511979018810856,2264,1
71.64909690042509,37.982669959135855,0.34982158071884684,2029,1
58.76056443724681,42.439674224021445,0.26275344521158994,4045,1
68.67664343037542,32.42689223654473,0.4322974503617668,2309,1
58.679506620958065,29.26721352511845,0.3938996028144617,3883,0
61.257386235825166,32.1380225939222,0.450024046943657,2690,1
76.48418812320071,33.550621703495345,0.3466399693560833,4176,1
63.85590559541992,28.71732949777123,0.5220821298813048,1193,0
66.30459723907833,37.18084542364929,0.31232262187881554,3980,1
70.22040638413253,30.920283036765607,0.5712040284017893,2594,1
67.97409132783562,31.990972356365578,0.22523634901717385,2679,0
65.90251343086146,32.663697008217845,0.44347700645568916,2588,1
67.18976601479736,31.686346442457822,0.4475430682526624,2885,1
79.42049351142965,33.355762001878446,0.3204442932059118,2858,1
64.65428721779848,27.530987253812306,0.4424393937861013,1674,0
66.2065942802898,27.76679298421588,0.5279518669760159,2473,1
71.30392637604567,25.59938306811322,0.17831811606459358,4090,1
71.6331555977479,31.758004922480907,0.4502744807490815,4945,1
72.12218183336228,33.115746014048455,0.15067291796699225,1193,0
68.8323813321751,31.831091464607542,0.30343351964767923,1289,1
58.1419705236171,36.69796973339015,0.5629166364900946,2789,1
74.80058919380657,29.977615924683814,0.3418217966607946,4195,1
58.12192764188787,32.67496662237005,0.28261200355910276,1975,0
66.8158127914342,25.633196495442743,0.38020622710153185,3506,1
60.47434489988385,28.451601190102394,0.6067906338163552,1887,1
64.61516992044204,32.78215103026311,0.2168317752793974,4032,0
66.97257446182088,33.39640844297258,0.2948690088360656,1707,0
66.92814329270163,28.824132209343272,0.5497431683179627,3848,1
67.53152452541171,29.713602992567733,0.5857702343537733,148,1
74.68226761435189,23.928505013276762,0.3896568775709716,3961,1
67.72120580908388,28.571883196773562,0.2760947297473358,2280,1
63.53506018825611,33.561532654079144,0.609584350180916,3146,1
70.78452300973015,32.30082006442626,0.5594442391749197,2933,1
72.13682293354785,32.00266288552484,0.4678946987762233,1497,1
57.63435310917804,30.19909474872384,0.31875976510625803,3926,0
68.58440041909915,30.028252634512707,0.39509706591619637,4674,1
69.20703645386538,27.358715442106213,0.38396399189551694,931,0
63.21461897984005,32.79531368081014,0.4330851304615578,2797,1
73.25424087986971,31.68389177755756,0.5451001438131337,4877,1
64.09966647780485,31.968075391971198,0.4879417041137403,2835,1
65.75345872082926,27.89586062932968,0.2922623923015242,181,0
63.96156905429678,21.386628320515022,0.5376496450019538,186,0
65.09347428548881,34.38861084701478,0.43131321400131556,2163,1
58.42234947862879,28.084650175966384,0.4687065795858917,921,0
56.35969470443423,26.54889694382752,0.5466540859278604,262,0
74.56703037934983,32.773915647655976,0.2888419750486449,3839,1
59.918231910090036,28.431949440323482,0.3964174421293537,2497,1
59.051645903262155,34.23974553618649,0.3468545448640785,2032,0
52.07965931837771,32.46802379830679,0.24321405746345443,2828,0
61.16622951386299,32.73427729280191,0.434670997760492,3635,1
57.06146123955501,24.536177155197862,0.6511556551584423,3546,1
74.85209096081822,34.8477759415456,0.21599222554942474,2890,1
71.05890253605581,31.045002124935426,0.39677193889505297,2807,1
60.87109792893366,28.522891443015187,0.4640542935074774,4033,1
78.51461483206586,30.573553869369004,0.4123078201656181,3485,1
70.89059292194956,22.89505906840672,0.388687194748426,1022,1
63.051011698948265,31.634611245922684,0.2700783636554176,2275,1
50.003565710758565,25.882513967271713,0.4232786742940164,1682,0
78.74565543554445,24.589318856625862,0.3243236022984074,664,0
56.662565199418424,23.910563255128437,0.18100782950214467,3358,0
55.12760751825865,34.4507534999597,0.5194592220513731,2697,1
71.13542259205784,27.482946425228846,0.4958385819842043,2600,1
79.63851443803564,36.134910839666,0.40516609768510803,4666,1
73.3056369110631,27.856794147790808,0.4229074688205703,1087,0
68.38345472031416,23.17056816962821,0.5074318012715562,3736,1
68.56852604999172,25.533902240205364,0.4224339656778083,323,0
70.12049335268185,34.94324648002775,0.49040175547613146,450,1
69.55357153872059,29.37640728825333,0.370251779912615,2028,0
66.68714854381625,27.806850814037595,0.5311983738573947,448,0
65.62520662371125,30.640072903411152,0.43207857259326843,4377,1
64.62444123260286,32.00713094467018,0.41940519436058743,4832,1
60.47621246679994,34.46959526360985,0.2729938911287968,1117,0
63.31594953879936,35.793996919571704,0.4286955854301709,2326,1
54.842259114827684,28.560925416843656,0.3168045082505549,4967,1
64.4099622392315,24.695809255671847,0.3361717273471506,4224,1
59.0684533570945,28.346139355506896,0.3184624371683879,2519,0
58.37846409670537,31.041122026331543,0.29337650681007754,1993,0
66.07936490692087,26.144964295157557,0.6124771403016962,3140,1
73.3520137180676,26.17139634041983,0.5331339061988404,2168,1
70.50989963601388,31.37515152619954,0.5920367502144261,1225,1
55.57699637826094,29.805390593718194,0.27771049804444364,3217,0
59.062231180577974,30.131187981646345,0.40712537499108925,4261,1
70.6446271279293,26.966018661199723,0.27064923747959047,4142,1
59.105075638770145,29.078397143176932,0.33043051228029363,4533,1
63.652201100017855,26.303067422926784,0.3081873016583425,2270,0
68.30031259414731,33.56079364449915,0.5239584006441562,546,1
59.18993327081819,34.14099733889501,0.36037703218982403,2758,1
65.63225303687575,22.615248551047625,0.5068379333694016,3462,1
56.99584703049077,26.28195655923036,0.46041208895885183,2818,1
61.39179413629272,24.013882979639682,0.630363875210479,3583,1
66.91869160485523,27.399904262372406,0.2520555776860276,3044,1
55.44203759880998,29.666248120838556,0.5259233239786799,4476,1
67.64284842776239,24.20141912120588,0.5146440870400728,695,1
64.88217320643992,26.312560747498747,0.30266211619729655,2086,0
68.31493972650289,25.984170511674005,0.500713333647316,2850,1
66.34348480438797,30.829069317595774,0.4336144963026229,1174,0
73.18484257984306,30.277377348145002,0.3772523740046592,4069,1
